raw_skill,canonical_skill
3dStudioMax,3ds Max
Accounting,Accounting
Accounting Software,Accounting Software
Accounting Software QuickBooks,Accounting Software
Accounts & Finance,Accounting
Accounts and audit,Accounting
Adaptability and interpersonal skills,DROP
Administrative Management,Administration
Administrative Support,Administration
Admission Documentation,Documentation
Adobe Photoshop & Illustrator,Graphic Design
Adobe Photoshop & Illustrator,Illustrator
Adobe Photoshop & Illustrator,Photoshop
Architectural Designs,Architectural Design
Architectural Drafting,Architectural Design
Artificial Intelligence (AI),Artificial Intelligence
Auto CAD Designing,AutoCAD
AutoCAD,AutoCAD
AutoCAD 2D & 3D,AutoCAD
B2B & B2C Sales and Marketing,Sales
Building Construction Supervision,Civil Construction
Business Development,Business Development
Child Protection & Youth Empowerment,Community Development
Civil Construction,Civil Construction
Classroom Management,Teaching
Cleaning Experience,Cleaning
Client & Team Coordination,Client Relationship Management
Client Acquisition,Business Development
Client Communication Skills,Communication
Client Relationship,Client Relationship Management
Client Relationship Management,Client Relationship Management
Communication Skills,Communication
Communication Teamwork Negotiation and persuasion Confidence,DROP
Community Development,Community Development
Community Mobilization,Community Development
Compliance of VAT and Tax,VAT & Tax
Conflict Management,Risk Management
Construction side as Diploma in Civil Engineering,Civil Construction
Content Creation,Content Creation
Content Developing,Content Creation
Content Marketing,Content Creation
Contract Management,Project Management
Corporate Sales & Marketing,Sales
Cost Analysis,Financial Analysis
Cost Control,Financial Analysis
Cross Functional Collaboration,Teamwork
Customer & Dealer Relationship Management (CRM),Client Relationship Management
Customer Relations,Client Relationship Management
Customer Relationship Management (CRM),Client Relationship Management
Customer Service,Customer Service
Customer Service & Support,Customer Service
Customer Support/Client Service,Customer Service
Database Administration,Database Administration
Digital Campaign Strategy,Digital Marketing
Digital Content Development,Content Creation
Digital Content Management,Content Creation
Digital Maketing,Digital Marketing
Digital Marketing,Digital Marketing
Documentation,Documentation
Documentation & Follow Up,Documentation
ERP Implementation,Accounting Software
ERP software,Accounting Software
ETABS,ETABS
Early Childhood Teaching,Teaching
Education Research,Market Research
Effective Multitasking,Time Management
Electrical Substation,Electrical Maintenance
Electrical equipment maintenance,Electrical Maintenance
Email Communication,Communication
Employee Relations,Human Resources
English Reading Skills,English
English Teaching,Teaching
Enscape in Sketchup Mandatory,SketchUp
Estimation & BOQ,Civil Construction
Event Coordination & Campaign Management,Community Development
Excellent communication and interpersonal skills.,Communication
Excellent communication and presentation skills,Communication
Excellent in both written and spoken in English,English
Facilitation,Teaching
Finance & Accounting,Accounting
Financial Analysis,Financial Analysis
Financial Reporting,Financial Reporting
Finishing,Civil Construction
Furniture assembling,Furniture Assembly
Furniture design,Architectural Design
Government liaison,Stakeholder Management
Graphic Design,Graphic Design
Graphics Design,Graphic Design
Growth Mindset,DROP
HR Operations & Management,Human Resources
HR software systems,Human Resources
HRIS & Payroll Management,Human Resources
Human Resources Management,Human Resources
"Illustrator, Photoshop, Corel Draw",CorelDRAW
"Illustrator, Photoshop, Corel Draw",Graphic Design
"Illustrator, Photoshop, Corel Draw",Illustrator
"Illustrator, Photoshop, Corel Draw",Photoshop
Income Tax Management,VAT & Tax
Interior Designing knowledge,Architectural Design
Interpersonal skills,DROP
Japan Student Visa Processing,Legal & Compliance
Language Proficiency: Bangla and English,English
Laravel,Laravel
Lead Generation,Business Development
Leadership,Leadership
Legal Affairs,Legal & Compliance
Lesson Planning,Teaching
Logistic Support,Administration
Lumion,Lumion
Lumion(3d render and animation),Lumion
MS Excel,MS Excel
"MS Office (Word, Excel, PowerPoint)",MS Excel
"MS Office (Word, Excel, PowerPoint)",MS Office
"MS Office(Word, Excel, Power Point)",MS Excel
"MS Office(Word, Excel, Power Point)",MS Office
MS Project,MS Project
Manpower management,Team Management
Market Analysis,Market Research
Market Research,Market Research
Marketing,Sales
Marketinng,Sales
Microsoft 365,MS Office
Microsoft office and Internet,MS Office
Motorcycle License,Driving
"Ms word, Ms Excel, PowerPoint, Internet Browse",MS Excel
"Ms word, Ms Excel, PowerPoint, Internet Browse",MS Office
Negotiation,Negotiation
Negotiation Skills,Negotiation
Negotiation and Closing Skills,Negotiation
Neural Architecture Design,Artificial Intelligence
Office Administration and Coordination,Administration
Operation & Maintenance,Procurement & Inventory
Optical Fiber Cables,Electrical Maintenance
Organizational Discipline,DROP
Organizing Cultural Programs,Community Development
Outstanding organizational and leadership skills,Leadership
PPW (Property Preservation Wizard),Property Preservation (PPW)
Photo Editing,Graphic Design
Photography / Videography,Photography / Videography
Positive Mindset for Fieldwork,DROP
Positive and professional attitude,DROP
Presentation Skills,Communication
Problem Solving,Problem Solving
Problem-Solving Ability,Problem Solving
Problem-solving and critical thinking ability.,Problem Solving
Procurement & Inventory Management,Procurement & Inventory
Product Development,Strategic Planning
Program Development & Organizational Management,Strategic Planning
Project Coordination,Project Management
Project Management,Project Management
Project Managemnet,Project Management
Project Planning,Project Management
Public Relations,Stakeholder Management
Quality Assurances,Quality Management
Quality Audits & Inspections,Quality Management
Quality Control Assurance,Quality Management
Quality Management,Quality Management
Real Estate Marketing,Sales
Record & Document Management,Documentation
Record Keeping,Documentation
Recruitment Analytics,Human Resources
Relationship Management,Client Relationship Management
Reporting,Documentation
Reporting and Documentation,Documentation
Research (Qualitative & Quantitative),Market Research
Revenue Growth & Target Achievement,Sales
Revit MEP,Revit
Risk Management,Risk Management
SDLC & STLC,Software Testing
"SEO, Digital Marketing",Digital Marketing
"SEO, Digital Marketing",SEO
SOP,Documentation
Sales,Sales
Sales & Marketing,Sales
Sales Leadership,Leadership
Sales Leadership,Sales
Sales Reporting and Analysis,Financial Reporting
Sales Reporting and Analysis,Sales
Sales Support,Sales
Sales Target Achievement,Sales
Sales and Business Development,Business Development
Sales and Marketing,Sales
Security Management,Administration
SketchUp,SketchUp
Social Media Management,Social Media Marketing
Social Media Marketing,Social Media Marketing
Social inclusion,Community Development
Staff Management,Team Management
Stakeholder Management,Stakeholder Management
Strategic Planning & Organizational Development,Strategic Planning
Strategic Sales Planning & Reporting,Sales
Strategic Talent Acquisition,Human Resources
Strategic Talent Acquisition,Sales
Strategic Thinker,DROP
Strong Organizational Ability,DROP
Strong communication and interpersonal skills,Communication
Strong motivation and commitment for work,DROP
Strong written and spoken English,English
Structural Designing,Architectural Design
Student Assessment & Reporting,Teaching
Student Counselling,Teaching
Student File Preparation,Documentation
Talent Management,Human Resources
Tally Prime,Tally
Tally Software,Tally
Teaching,Teaching
Teaching Experience,Teaching
Team Building and Leading,Leadership
Team Building and Leading,Team Management
Team Collaboration,Teamwork
Team Development,Team Management
Team collaboration,Teamwork
Team management,Team Management
Teamwork & Collaboration,Teamwork
Technical Training,Teaching
Tele Sales Marketing,Sales
Telemarketing,Telemarketing
Telesales & Communication,Telemarketing
Tender Management,Project Management
Time Management,Time Management
Time Management & Accountability,DROP
Time Management & Accountability,Time Management
Time management,Time Management
Time management and organizational skills,Time Management
Training Facilitation Skills,Teaching
Understanding child’s psychology,Teaching
VAT Law,VAT & Tax
VAT and Tax related work,VAT & Tax
Vedio Production,Photography / Videography
Vedio editing,Video Editing
Visa Compliance,Legal & Compliance
Windows Server Manage,Database Administration
Youth Development,Community Development
communication skill.,Communication
e-GP Tender,Project Management
good fluency in speaking and in writting english,English
prepare lesson content,Teaching
showroom management,Administration
